{"applianceId":"ESP32C32025","power":1.231116e-11,"voltage":95.41474,"current":2.248748e-12}